CHROM,POS,ID,REF,ALT,QUAL,FILTER,INFO_DP,INFO_AF,INFO_AC,INFO_AN,INFO_QUAL,variant_id,myvariant_dbsnp_rsid,myvariant_cadd_phred,myvariant_clinvar_clinical_significance,myvariant_gnomad_af_af,myvariant_dbnsfp_sift_pred,myvariant_dbnsfp_polyphen2_hdiv_pred,ensembl_consequence_terms,ensembl_impact,ensembl_gene_symbol,ensembl_transcript_id,ensembl_protein_id,clinvar_clinical_significance,clinvar_review_status,clinvar_condition,annotation_sources,annotation_success_rate,annotation_timestamp,variant_type,annotation_quality
22,16050075,.,A,G,100.0,PASS,8012,0.000199681002413854,1,5008,,22:16050075:A>G,rs587697622,,,,,,,,,,,,,,"myvariant,clinvar",0.6666666666666666,2025-07-11T15:19:01.817075,SNP,Medium
22,16050115,.,G,A,100.0,PASS,11468,0.006389779970049858,32,5008,,22:16050115:G>A,rs587755077,,,,,,,,,,,,,,"myvariant,clinvar",0.6666666666666666,2025-07-11T15:19:01.817273,SNP,Medium
22,16050213,.,C,T,100.0,PASS,15092,0.007587859872728586,38,5008,,22:16050213:C>T,rs587654921,,,,,,,,,,,,,,"myvariant,clinvar",0.6666666666666666,2025-07-11T15:19:01.817432,SNP,Medium
22,16050319,.,C,T,100.0,PASS,22609,0.000199681002413854,1,5008,,22:16050319:C>T,rs587712275,,,,,,,,,,,,,,"myvariant,clinvar",0.6666666666666666,2025-07-11T15:19:01.817841,SNP,Medium
22,16050527,.,C,A,100.0,PASS,23591,0.000199681002413854,1,5008,,22:16050527:C>A,rs587769434,,,,,,,,,,,,,,"myvariant,clinvar",0.6666666666666666,2025-07-11T15:19:01.817985,SNP,Medium
22,16050568,.,C,A,100.0,PASS,21258,0.000399360986193642,2,5008,,22:16050568:C>A,rs587638893,,,,,,,,,,,,,,"myvariant,clinvar",0.6666666666666666,2025-07-11T15:19:01.818095,SNP,Medium
22,16050607,.,G,A,100.0,PASS,20274,0.0009984029456973076,5,5008,,22:16050607:G>A,rs587720402,,,,,,,,,,,,,,"myvariant,ensembl,clinvar",1.0,2025-07-11T15:19:01.818222,SNP,High
22,16050627,.,G,T,100.0,PASS,21022,0.000399360986193642,2,5008,,22:16050627:G>T,rs587593704,,,,,,,,,,,,,,"myvariant,clinvar",0.6666666666666666,2025-07-11T15:19:01.818334,SNP,Medium
22,16050646,.,G,T,100.0,PASS,22073,0.000199681002413854,1,5008,,22:16050646:G>T,rs587670191,,,,,,,,,,,,,,"myvariant,clinvar",0.6666666666666666,2025-07-11T15:19:01.818434,SNP,Medium
22,16050654,.,A,"<CN0>,<CN2>,<CN3>,<CN4>",100.0,PASS,22545,"(0.001797119970433414, 0.01737220026552677, 0.11960899829864502, 0.003993609920144081)","(9, 87, 599, 20)",5008,,22:16050654:A><CN0>,,,,,,,,,,,,,,,,0.0,2025-07-11T15:19:01.818517,Insertion,Low
